<?xml version="1.0" encoding="UTF-8"?>
<suite name="User Management Test Suite" parallel="methods" thread-count="2">
    <listeners>
        <listener class-name="listeners.TestListener"/>
    </listeners>
    
    <test name="User Management Tests">
        <groups>
            <run>
                <include name="user-management"/>
            </run>
        </groups>
        <classes>
            <class name="tests.LoginTests"/>
            <class name="tests.RegistrationTests"/>
        </classes>
    </test>
</suite>