<?xml version="1.0" encoding="UTF-8"?>
<suite name="Smoke Test Suite" parallel="methods" thread-count="2">
    <listeners>
        <listener class-name="listeners.TestListener"/>
    </listeners>
    
    <test name="Smoke Tests">
        <groups>
            <run>
                <include name="smoke"/>
            </run>
        </groups>
        <classes>
            <class name="tests.LoginTests"/>
            <class name="tests.BasicFunctionalityTests"/>
            <class name="tests.ShoppingCartTests"/>
        </classes>
    </test>
</suite>