<?xml version="1.0" encoding="UTF-8"?>
<suite name="E-commerce Test Suite" parallel="methods" thread-count="2">
    <listeners>
        <listener class-name="listeners.TestListener"/>
    </listeners>
    
    <test name="E-commerce Tests">
        <groups>
            <run>
                <include name="ecommerce"/>
            </run>
        </groups>
        <classes>
            <class name="tests.ProductSearchTests"/>
            <class name="tests.ShoppingCartTests"/>
            <class name="tests.CheckoutTests"/>
        </classes>
    </test>
</suite>