<?xml version="1.0" encoding="UTF-8"?>
<!DOCTYPE suite SYSTEM "https://testng.org/testng-1.0.dtd">
<suite name="Demoblaze Test Suite" parallel="false">
    <listeners>
        <listener class-name="listeners.TestListener"/>
    </listeners>

    <test name="Chrome Tests">
        <parameter name="browser" value="chrome"/>
        <classes>
            <class name="tests.LoginTests"/>
            <class name="tests.RegistrationTests"/>
            <class name="tests.ProductSearchTests"/>
            <class name="tests.ShoppingCartTests"/>
            <class name="tests.CheckoutTests"/>
        </classes>
    </test>
</suite>