<?xml version="1.0" encoding="UTF-8"?>
<suite name="Regression Test Suite" parallel="methods" thread-count="3">
    <listeners>
        <listener class-name="listeners.TestListener"/>
    </listeners>
    
    <test name="All Tests">
        <classes>
            <class name="tests.LoginTests"/>
            <class name="tests.RegistrationTests"/>
            <class name="tests.ProductSearchTests"/>
            <class name="tests.ShoppingCartTests"/>
            <class name="tests.CheckoutTests"/>
            <class name="tests.BasicFunctionalityTests"/>
        </classes>
    </test>
</suite>